{
  "source": "Anandamayi Ma Exemplar",
  "duration_sec": 1216.702,
  "total_shots": 139,
  "avg_shot_sec": 8.75,
  "bpm": 152,
  "drop_sec": 154,
  "shot_distribution": {
    "p10": 1.3,
    "p25": 3.1,
    "p50": 4.6,
    "p75": 11.8,
    "p90": 20.1
  },
  "pacing_by_minute": {
    "0": {
      "shots": 14,
      "avg_energy": 44.357142857142854
    },
    "1": {
      "shots": 3,
      "avg_energy": 41.666666666666664
    },
    "2": {
      "shots": 4,
      "avg_energy": 42.75
    },
    "3": {
      "shots": 5,
      "avg_energy": 41.8
    },
    "4": {
      "shots": 10,
      "avg_energy": 43.4
    },
    "5": {
      "shots": 6,
      "avg_energy": 42.833333333333336
    },
    "6": {
      "shots": 7,
      "avg_energy": 48.0
    },
    "7": {
      "shots": 9,
      "avg_energy": 36.22222222222222
    },
    "8": {
      "shots": 7,
      "avg_energy": 38.857142857142854
    },
    "9": {
      "shots": 7,
      "avg_energy": 42.42857142857143
    },
    "10": {
      "shots": 8,
      "avg_energy": 42.0
    },
    "11": {
      "shots": 12,
      "avg_energy": 34.0
    },
    "12": {
      "shots": 5,
      "avg_energy": 40.0
    },
    "13": {
      "shots": 5,
      "avg_energy": 45.6
    },
    "14": {
      "shots": 12,
      "avg_energy": 38.583333333333336
    },
    "15": {
      "shots": 6,
      "avg_energy": 42.333333333333336
    },
    "16": {
      "shots": 6,
      "avg_energy": 39.5
    },
    "17": {
      "shots": 4,
      "avg_energy": 39.0
    },
    "18": {
      "shots": 1,
      "avg_energy": 40.0
    },
    "19": {
      "shots": 8,
      "avg_energy": 40.875
    }
  }
}